drug_name,generic_name_guess,atc_code,count
/lọ,/lọ,,36
/lọ acigmentin,/lọ acigmentin,,1
/lọ atsypax 600 (600mg,/lọ atsypax 600 (600mg,,1
/lọ augmentin,/lọ augmentin,,2
/lọ azipowder,/lọ azipowder,,1
/lọ biocemet sc,/lọ biocemet sc,,6
/lọ cezinco,/lọ cezinco,,1
/lọ desbebe,/lọ desbebe,,2
/lọ dung dịch xịt mũi sterimar blocked nose baby,/lọ dung dịch xịt mũi sterimar blocked nose baby,,2
/lọ dung dịch xịt mũi sterimar nose hygiene and comfort,/lọ dung dịch xịt mũi sterimar nose hygiene and comfort,,1
/lọ fibrofin-145,/lọ fibrofin-145,,2
/lọ imefed,/lọ imefed,,1
/lọ klacid,/lọ klacid,,11
/lọ montelukast normon,/lọ montelukast normon,,1
/lọ nitidine,/lọ nitidine,,1
/lọ olesom,/lọ olesom,,8
/lọ penzima,/lọ penzima,,1
/lọ siro ho haspan,/lọ siro ho haspan,,3
/lọ tiphapred e,/lọ tiphapred e,,1
/lọ zaromax,/lọ zaromax,,2
a.t calci sac,a.t calci sac,,1004
a.t calcium cort,a.t calcium cort,,113
a.t hoạt huyết dưỡng,a.t hoạt huyết dưỡng,,1396
a.t lục vị,a.t lục vị,,9
a.t magnesi b6 plus,a.t magnesi b6,,145
a.t mequitazine,a.t mequitazine,,1
a.t nicorandil,a.t nicorandil,,890
a.t silymarin,a.t silymarin,,308
abbsin 200,abbsin,,11
abr complex restoring cream,abr complex restoring cream,,3
abricotis,abricotis,,14
acc,acc,,2
acepental,acepental,,5
aceralgin,aceralgin,,155
acetilax,acetilax,,29
acetuss,acetuss,,54
aciclovir,aciclovir,,1
acigmentin,acigmentin,,1214
acriptega,acriptega,,2
actre,actre,,51
ad tamy,ad tamy,,799
adacine,adacine,,64
afenacol,afenacol,,422
agi-calci,agi-calci,,6
agicardi,agicardi,,8577
agifamcin,agifamcin,,1
agifovir,agifovir,,157
agifuros,agifuros,,241
agilecox,agilecox,,1
agimstan,agimstan,,607
agimstan-h,agimstan-h,,2
agiosmin,agiosmin,,2
agitritine,agitritine,,433
ahevip,ahevip,,13
aklevo 500,aklevo,,37
alanboss xl,alanboss xl,,11
alavir - e,alavir - e,,32
alegysal,alegysal,,11
alfa-lipogamma 600 oral,alfa-lipogamma 600 oral,,156
algostase,algostase,,9
alkidazol,alkidazol,,46
allergoff® skin barrier oil for therapeutic baths/ allergoff® barierowa oliwka do kąpieli leczniczych,allergoff® skin barrier oil for therapeutic baths/ allergoff® barierowa oliwka do kąpieli leczniczych,,100
almed - probiotic moisture rich cream for face & body,almed - probiotic moisture rich cream for face & body,,130
alphadaze -,alphadaze -,,15
alphamom,alphamom,,1
"alphavimin 100mg; 1mg; 1,15mg; 2mg; 133,35iu; 5mg; 6,65mg; 3,35mg","alphavimin 100mg; 1mg; 1,15mg; 2mg; 133,35iu; 5mg; 6,65mg; 3,35mg",,113
alsiful s.r. tablets,alsiful s.r. tablets,,70
"alumag- s (800,4mg","alumag- s (800,4mg",,81
am-xodin,am-xodin,,263
amaloris,amaloris,,1878
amebismo,amebismo,,288
amlodipine stella,amlodipine,,25
amlodipine/atorvastatin normon,amlodipine/atorvastatin normon,,6
amlor,amlor,,112
amoxicillin/ acid clavulanic sandoz gmbh,amoxicillin/ acid clavulanic sandoz gmbh,,21
amvifuxime 250,amvifuxime,,43
anbaescin,anbaescin,,454
anbapirex 400mg,anbapirex 400mg,,137
ancitic,ancitic,,158
antibavir,antibavir,,20
antikans,antikans,,1298
anvo-gefitinib,anvo-gefitinib,,5
apbezo,apbezo,,89
apidogrel 75,apidogrel,,1
apidra solostar+4 đầu kim pen ndl,apidra solostar+4 đầu kim pen ndl,,36
apirison 50,apirison,,569
apitim,apitim,,1946
apixodin dt,apixodin,,1458
aprovel,aprovel,,7
arbitel-am,arbitel-am,,35
arginin av,arginin av,,4
arimidex,arimidex,,24
aromasin,aromasin,,4
arthroease,arthroease,,1
asbesone,asbesone,,22
asosalic,asosalic,,640
aspirin,aspirin,,1431
aspirin stella,aspirin,,31
aspirin tab dwp,aspirin tab dwp,,90
asstamid,asstamid,,4
asstrozol,asstrozol,,34
atelec tablets,atelec tablets,,925
aticizal,aticizal,,4
atiferlic,atiferlic,,7
atifibrate,atifibrate,,12
atihepam,atihepam,,11
"atihytalox plus (600mg + 599,8mg","atihytalox plus (600mg + 599,8mg",,2
atirin 10 (viên),atirin 10 (viên),,1136
atirin suspension,atirin suspension,,2212
atisaltolin,atisaltolin,,61
atisyrup zinc,atisyrup zinc,,3787
atoris,atoris,,846
atormac,atormac,,386
atorpa - e,atorpa - e,,1
atorpa- e,atorpa- e,,245
atorvastatin,atorvastatin,,6946
atsypax 600 (600mg,atsypax 600 (600mg,,28
auclanityl,auclanityl,,21
augmentin,augmentin,,575
auroliza,auroliza,,1204
ausmuco 750v,ausmuco 750v,,13
auzion 1000 (875mg,auzion 1000 (875mg,,67
avantomega,avantomega,,3
axeliv,axeliv,,14
ayite,ayite,,217
azaduo,azaduo,,3
azarga,azarga,,39
azipowder,azipowder,,20
azlobal 4,azlobal,,2
azopt,azopt,,55
b-coenzyme,b-coenzyme,,970
b12 ankermann,b12 ankermann,,505
babismo,babismo,,60
baclofen dwp,baclofen dwp,,60
bactamox,bactamox,,21
bacterocin oint.,bacterocin oint.,,312
bamifen,bamifen,,146
basaglar 300u/3ml,basaglar 300u/3ml,,241
basethyrox,basethyrox,,2
basicillin,basicillin,,187
bbcelat,bbcelat,,4
becatec,becatec,,45
benfosafe,benfosafe,,627
benzina 10,benzina,,249
bestimac q10,bestimac q10,,179
betahistin,betahistin,,2333
betahistin 24 a.t,betahistin 24 a.t,,76
betamaks,betamaks,,390
betaserc,betaserc,,54
beuticystine,beuticystine,,6
bexinclin,bexinclin,,45
bicelor 375 dt.,bicelor 375 dt.,,650
bifehema,bifehema,,235
bifril,bifril,,1
bifril15mg tablet 2x14's,bifril15mg tablet 2x14's,,1
bilclamos 312.5mg (250mg,bilclamos 312.5mg (250mg,,2
bilgrel,bilgrel,,86
biocemet dt,biocemet,,47
biocemet sc,biocemet sc,,996
bioketoca,bioketoca,,280
biosubtyl-ii 10^7-10^8 cfu/250mg,biosubtyl-ii 10^7-10^8 cfu/250mg,,562
biseptol 480,biseptol,,3
bisoprolol,bisoprolol,,1378
bisostad,bisostad,,40
bivantox 200 tab,bivantox 200,,108
"biviantac (800,4 mg","biviantac (800,4 mg",,2
bividiac,bividiac,,992
bixebra,bixebra,,16
bloci,bloci,,84
bluecan forte,bluecan,,897
bluemint,bluemint,,1171
bluemoxi,bluemoxi,,17
boganic,boganic,,10
bolabio 10^9 cfu,bolabio 10^9 cfu,,1890
bometan (50mcg,bometan (50mcg,,33
bominity,bominity,,521
bomitis,bomitis,,72
boncinco mỗi,boncinco mỗi,,18
boncium,boncium,,22
bosrelor,bosrelor,,42
bostekid 30mg granules,bostekid 30mg granules,,10
bourabia-8,bourabia-8,,288
bradirem,bradirem,,2
braiporin syrup,braiporin syrup,,3
breezol,breezol,,343
breztri aerosphere,breztri aerosphere,,2
bridotyl,bridotyl,,30
brilinta,brilinta,,99
brilinta tab,brilinta,,5
bromhexin,bromhexin,,486
bromtab 40 tablet,bromtab 40 tablet,,12
broncho-vaxom adults,broncho-vaxom adults,,1
brusonex,brusonex,,18
btozka,btozka,,1
butagan syrup,butagan syrup,,85
buvamed,buvamed,,3
bv levocin,bv levocin,,66
bvpalin,bvpalin,,73
bát trân,bát trân,,44
bút tiêm insulin-mypen,bút tiêm insulin-mypen,,111
bổ gan tiêu độc livsin-94,bổ gan tiêu độc livsin-94,,4
bổ tỳ dưỡng cốt thái dương,bổ tỳ dưỡng cốt thái dương,,1
caduet,caduet,,1
calci -d,calci -d,,1
calci-d3,calci-d3,,2
calciferat,calciferat,,2769
calcium - nic plus 550mg + 50mg,calcium - nic plus 550mg + 50mg,,287
calcium hasan,calcium hasan,,415
calcium lactate 300 tablets,calcium lactate 300 tablets,,157
calcolife,calcolife,,27
caltor,caltor,,81
calvin plus,calvin,,4
camzitol,camzitol,,634
candekern,candekern,,38
candesarmac,candesarmac,,85
candesartan dwp,candesartan dwp,,1
candisafe,candisafe,,160
capesto,capesto,,112
capesto 40,capesto,,1364
capriles,capriles,,300
capsicin gel,capsicin gel,,1077
captagim,captagim,,21
captopril stella,captopril,,18
carbamaz,carbamaz,,84
carbidopa/levodopa tablets,carbidopa/levodopa tablets,,5
carbocistein,carbocistein,,153
carthyal one,carthyal one,,6
cartijoints extra,cartijoints extra,,59
casodex,casodex,,1
cefass,cefass,,14
cefcenat,cefcenat,,236
cefimed,cefimed,,33
cehitas,cehitas,,29
celecoxib,celecoxib,,516
cenex cap,cenex,,59
cepmaxlox,cepmaxlox,,909
cepoxitil,cepoxitil,,4
ceradan diaper,ceradan diaper,,14
cetigam,cetigam,,1
cetirizin dwp,cetirizin dwp,,45
cezinco,cezinco,,704
cezmeta,cezmeta,,1
chimitol vaginal tablet,chimitol vaginal tablet,,13
chorlatcyn cao mật lợn khô,chorlatcyn cao mật lợn khô,,3
cilavef,cilavef,,56
cinnarizine sopharma,cinnarizine sopharma,,5
cinnarizine stada,cinnarizine,,24
cipro-denk,cipro-denk,,15
clamodia 625 fc tablets,clamodia 625 fc tablets,,70
clarie od,clarie,,37
clarisol-500,clarisol-500,,13
clarithromycin stella,clarithromycin,,29
clenmysol tab,clenmysol,,1
clindamycin eg,clindamycin eg,,43
clingel,clingel,,24
clonicap,clonicap,,29
clorpheniramin kp,clorpheniramin kp,,220
co-aprovel,co-aprovel,,4
co-diovan,co-diovan,,4
colchicina seid,colchicina seid,,226
colchicine stella,colchicine,,51
colocol suppo 150,colocol suppo,,3
colosar - denk 50/ 12.5,colosar - denk 50/ 12.5,,9
colosar-denk,colosar-denk,,24
combigan,combigan,,120
combiwave fb 200 (200mcg,combiwave fb 200 (200mcg,,165
conazonin,conazonin,,35
concor,concor,,99
concor cor,concor cor,,4043
concor cor tab,concor cor,,4
conipa pure,conipa pure,,237
cordamil,cordamil,,27
coveram 10-10 tab 10-10mg 30's,coveram 10-10 tab 10-10mg 30's,,1
coveram 5-5 tab,coveram 5-5,,2
coversyl plus,coversyl,,5
coversyl tab,coversyl,,4
cpr-sachabo,cpr-sachabo,,93
cravit,cravit,,180
creamec,creamec,,204
crederm ointment,crederm ointment,,1
crestor tab,crestor,,3
crila forte,crila,,10
cruderan,cruderan,,5
curam,curam,,848
cystin-b6 boston 500 mg,cystin-b6 boston 500 mg,,191
dacolfort,dacolfort,,3660
daiclo,daiclo,,305
dalekine,dalekine,,421
dapzin-10,dapzin-10,,94
daquetin,daquetin,,305
datviron,datviron,,40
debomin,debomin,,640
decolic,decolic,,1
decolic f,decolic f,,232
decolic-f,decolic-f,,260
delopedil,delopedil,,198
denk-air junior,denk-air junior,,82
depakine chrono,depakine chrono,,7
dermalight active illuminating cream,dermalight active illuminating cream,,4
desbebe,desbebe,,670
detanana,detanana,,6
dexibuprofen,dexibuprofen,,797
dialamic,dialamic,,380
diamicron mr,diamicron mr,,67
dicenin,dicenin,,110
diclowal supp,diclowal supp,,1
digazo,digazo,,64
diltiazem dwp,diltiazem dwp,,216
dimagel,dimagel,,4
dimonium,dimonium,,43
diosfort,diosfort,,46
diosfrot,diosfrot,,6
diovan,diovan,,1
dipatin,dipatin,,560
diquas,diquas,,53
disthyrox 100µg,disthyrox 100µg,,173
divara,divara,,32
dixirein tab,dixirein,,451
dloe,dloe,,69
dogrelsavi,dogrelsavi,,3209
"dolutegravir, lamivudine and tenofovir disoproxil fumarate tablets","dolutegravir, lamivudine and tenofovir disoproxil fumarate tablets",,15
domela,domela,,529
domuvar 2x10^9 cfu/5ml,domuvar 2x10^9 cfu/5ml,,90
dopegyt,dopegyt,,100
dorithricin,dorithricin,,162
dr max comforcare ice spray,dr max comforcare ice spray,,17
dr.pharti acne gone,dr.pharti acne gone,,53
dromasm fort,dromasm fort,,7
dropstar,dropstar,,206
drotusc,drotusc,,1066
drotusc forte,drotusc,,1499
dryches,dryches,,497
dung dịch rửa vết thương suporan,dung dịch rửa vết thương suporan,,9
dung dịch súc miệng - họng supowat,dung dịch súc miệng - họng supowat,,77
dung dịch xịt mũi sterimar allergic nose,dung dịch xịt mũi sterimar allergic nose,,14
dung dịch xịt mũi sterimar blocked nose,dung dịch xịt mũi sterimar blocked nose,,7
dung dịch xịt mũi sterimar blocked nose baby,dung dịch xịt mũi sterimar blocked nose baby,,16
dung dịch xịt mũi sterimar nose hygiene and comfort,dung dịch xịt mũi sterimar nose hygiene and comfort,,24
dung dịch xịt mũi sterimar nose hygiene baby,dung dịch xịt mũi sterimar nose hygiene baby,,8
dung dịch xịt mũi sterimar sensitive nose,dung dịch xịt mũi sterimar sensitive nose,,9
dung dịch xịt mũi xoang plasmakare x-spray,dung dịch xịt mũi xoang plasmakare x-spray,,236
duoridin,duoridin,,86
duphalac,duphalac,,158
"dutabit 0,5","dutabit 0,5",,2
dutixim,dutixim,,11
dưỡng cốt,dưỡng cốt,,1
ebifanz,ebifanz,,34
ebitac,ebitac,,46
ebitac forte,ebitac,,153
efferoxen,efferoxen,,8
effixent,effixent,,19
elaria,elaria,,1
eliquis tab,eliquis,,3
emanera,emanera,,8
emfoxim,emfoxim,,3
empagliflozin,empagliflozin,,1018
entacron,entacron,,927
enterobella 1.109 -2.109 cfu,enterobella 1.109 -2.109 cfu,,560
epilona dr,epilona,,47
esdopa-40,esdopa-40,,69
eskafolvit capsule,eskafolvit capsule,,6
eskar vita,eskar vita,,74
esojay,esojay,,23
esomeprazol,esomeprazol,,5497
espumisan capsules,espumisan capsules,,170
ethambutol,ethambutol,,39
eto,eto,,117
etodolac dwp,etodolac dwp,,81
etofride 50,etofride,,1477
etoricoxib,etoricoxib,,1866
eucol,eucol,,409
exemesin,exemesin,,37
exfast,exfast,,16
ezechol,ezechol,,599
ezoleta tablet,ezoleta tablet,,5
famodin,famodin,,612
farzincol,farzincol,,1
fascapin-20,fascapin-20,,365
fave di fuca hydralax,fave di fuca hydralax,,12
febustad 40,febustad,,60
fefasdin,fefasdin,,1675
feleifen,feleifen,,9
feleilor,feleilor,,5
felodipine stella,felodipine,,674
femadex,femadex,,48
femaplex,femaplex,,2
fenostad 67,fenostad,,53
fentimeyer 600,fentimeyer,,22
feraminda,feraminda,,1
ferium- xt,ferium- xt,,77
fezidat,fezidat,,798
fibrofin-145,fibrofin-145,,193
fitrofu,fitrofu,,289
fixco,fixco,,64
flaben,flaben,,1
flixotide evohaler,flixotide evohaler,,4
flolistim,flolistim,,2
fluvastatin,fluvastatin,,775
fluvastatin dwp,fluvastatin dwp,,1368
fosmitic,fosmitic,,45
foxmyzil,foxmyzil,,1
fucipa,fucipa,,68
fucipa 15g(1) túyb cystin-b6 boston 500 mg,fucipa 15g(1) túyb cystin-b6 boston 500 mg,,2
fudophar,fudophar,,63
fudophos,fudophos,,2
fumagate,fumagate,,525
gabapentin,gabapentin,,1693
galvus,galvus,,654
galvus met,galvus met,,132
gaptinew,gaptinew,,326
gastevin,gastevin,,2665
gastro-bisal tablet,gastro-bisal tablet,,109
gel dùng ngoài mangizeni,gel dùng ngoài mangizeni,,408
gel tra mắt eyegel,gel tra mắt eyegel,,26
gel xịt miệng - họng nacato,gel xịt miệng - họng nacato,,47
gel xịt mũi nasorin,gel xịt mũi nasorin,,133
genituk,genituk,,260
gentin,gentin,,1
gikanin,gikanin,,1004
gimtafort,gimtafort,,2
giotrif,giotrif,,1
glencinone,glencinone,,180
gliclada,gliclada,,766
glimepirid dwp,glimepirid dwp,,294
glimsure,glimsure,,1520
glivt,glivt,,36
glizym-m,glizym-m,,33
glucophage,glucophage,,9
glucophage xr,glucophage,,716
glucophage ® xr,glucophage ®,,681
glucovance,glucovance,,273
glucozinc s,glucozinc s,,22
glumarix 20mg; 612mg,glumarix 20mg; 612mg,,26
glumeben,glumeben,,394
glumeform,glumeform,,3666
glupain forte,glupain,,7
glutowin plus,glutowin,,755
gluzitop mr,gluzitop mr,,206
glyxambi,glyxambi,,11
golheal,golheal,,358
greatcet 325mg,greatcet 325mg,,983
gumitic,gumitic,,9
hadubamol,hadubamol,,5
haducarbo,haducarbo,,7
haduliptin,haduliptin,,11
hadusartan hydro,hadusartan hydro,,11
hantacid (220 mg,hantacid (220 mg,,394
hapacol,hapacol,,2150
happyvisc,happyvisc,,5
harnal ocas,harnal ocas,,293
harotin,harotin,,267
hebozeta,hebozeta,,8
hemolog,hemolog,,8
hepaqueen plus,hepaqueen,,106
heradrea,heradrea,,5
hidrasec,hidrasec,,251
hiruscar post acne gel,hiruscar post acne gel,,20
hismedan,hismedan,,167
hoastex,hoastex,,1775
hornol,hornol,,3
hovinlex,hovinlex,,30
hoạt huyết dưỡng não dược sư,hoạt huyết dưỡng não dược sư,,118
hoạt huyết dưỡng não đông dược việt,hoạt huyết dưỡng não đông dược việt,,7
htnesoum,htnesoum,,13
humalog mix50 kwikpen+3 pen ndl,humalog mix50 kwikpen+3 pen ndl,,21
huntelaar,huntelaar,,1625
hydrocolacyl,hydrocolacyl,,236
iba-mentin,iba-mentin,,120
ibsaga,ibsaga,,7
ibuhadi 600,ibuhadi,,11
ibutop,ibutop,,55
idatril,idatril,,954
imdur,imdur,,1
imdur tab,imdur,,2
imedoxim,imedoxim,,184
imefed,imefed,,391
imefed dt,imefed,,384
imefed sc,imefed sc,,670
imenir,imenir,,12
imerixx,imerixx,,2480
imexime,imexime,,276
imidu,imidu,,4
imruvat,imruvat,,169
insuact,insuact,,70
irbeplus hct,irbeplus hct,,158
irbesartan od dwp,irbesartan od dwp,,8
irbevel,irbevel,,2
isaias,isaias,,12
isoday,isoday,,1189
isosorbid mononitrat dwp,isosorbid mononitrat dwp,,104
isotisun,isotisun,,6
isotretinoin,isotretinoin,,11
ivacrig (huyết thanh kháng dại tinh chế),ivacrig (huyết thanh kháng dại tinh chế),,213
ivagim,ivagim,,187
ivermectin 3 a.t,ivermectin 3 a.t,,262
januvia,januvia,,1
japiane,japiane,,293
jardiance,jardiance,,1529
javelin,javelin,,2
jubve,jubve,,8
kabzu,kabzu,,1
kacerin,kacerin,,253
kaclocide plus,kaclocide,,81
kafedipin,kafedipin,,184
kaflovo,kaflovo,,665
kapredin,kapredin,,5054
karvidil,karvidil,,254
kary uni,kary uni,,129
katrypsin fort,katrypsin fort,,85
kavasdin,kavasdin,,2149
kavosnor forte,kavosnor,,27
ketoprofen ec dwp,ketoprofen ec dwp,,431
ketoproxin,ketoproxin,,951
ketotifen helcor,ketotifen helcor,,33
ketovital,ketovital,,37
khang minh tỷ viêm nang,khang minh tỷ viêm nang,,2
kidneycap bát vị - bổ thận dương,kidneycap bát vị - bổ thận dương,,1
kidneycap bát vị bổ thận dương cao đặc,kidneycap bát vị bổ thận dương cao đặc,,9
kitno,kitno,,186
klacid,klacid,,752
kogimin,kogimin,,187
kutab,kutab,,165
laci-eye,laci-eye,,1016
lacikez,lacikez,,1049
lacisartan hct,lacisartan hct,,3279
lacosepicyn,lacosepicyn,,307
lacosoxicron,lacosoxicron,,78
lacves,lacves,,80
lambertu,lambertu,,23
lanam sc,lanam sc,,27
lantus solostar+4 đầu kim pen ndl,lantus solostar+4 đầu kim pen ndl,,7
leminerg,leminerg,,11
lepigin,lepigin,,23
leracet 500mg film-coated tablets,leracet 500mg film-coated tablets,,4
lercatop,lercatop,,34
letarid 50,letarid,,36
levistel,levistel,,11
levodhg,levodhg,,15
levothyrox,levothyrox,,166
levpiram,levpiram,,268
lifecita,lifecita,,1
linatab tablet,linatab tablet,,94
linezin,linezin,,8
linezolid krka,linezolid krka,,2
lipagim,lipagim,,570
lipanthyl 200m,lipanthyl 200m,,659
lipanthyl nt,lipanthyl nt,,5
lipidorox,lipidorox,,253
lipitor,lipitor,,202
lirystad 150,lirystad,,1
lisazin,lisazin,,24
lisinopril/hctz stada,lisinopril/hctz,,212
lisoril-10,lisoril-10,,576
livernin-dh,livernin-dh,,34
livosil,livosil,,213
logpatat,logpatat,,12
lorista hd,lorista hd,,2
lornomeyer,lornomeyer,,238
losar-denk,losar-denk,,1
losartan dwp,losartan dwp,,2614
lotemax,lotemax,,87
lovarem tablets,lovarem tablets,,4
lowsta,lowsta,,2350
lupipezil,lupipezil,,197
luvox,luvox,,170
"lysoelf 250mg, 100mg","lysoelf 250mg, 100mg",,1
macrina,macrina,,418
mariprax,mariprax,,27
maxibumol,maxibumol,,13
maxibumol fort,maxibumol fort,,85
mebendazole,mebendazole,,20
mebisita,mebisita,,441
meclon,meclon,,22
medaxetine,medaxetine,,6
medoome,medoome,,632
medoxicam,medoxicam,,96
megazon,megazon,,293
meglucon,meglucon,,386
meko inh,meko inh,,2
melanov-m,melanov-m,,14
melevox,melevox,,45
melopower,melopower,,446
meloxicam od dwp,meloxicam od dwp,,2
menrva white,menrva white,,2
mepoly (35mg,mepoly (35mg,,218
mesadona,mesadona,,6
metaxidox,metaxidox,,40
metazrel,metazrel,,8
metazydyna,metazydyna,,356
metformin,metformin,,1238
methocarbamol mcn,methocarbamol mcn,,2360
methylcobalamin capsules,methylcobalamin capsules,,206
metiny,metiny,,145
metozamin,metozamin,,41
metronidazol,metronidazol,,718
meyer-salazin,meyer-salazin,,13
meyerbastin,meyerbastin,,20
meyerdabiga,meyerdabiga,,68
meyerexcold,meyerexcold,,1309
meyernazid,meyernazid,,57
meyerproxen,meyerproxen,,304
meyertenin,meyertenin,,272
meyerzadin 4,meyerzadin,,1
mezafen,mezafen,,483
mft- cefaclor,mft- cefaclor,,515
mibelet,mibelet,,4
mibeplen,mibeplen,,1
mibetel hct,mibetel hct,,404
mibiotin,mibiotin,,116
midamox,midamox,,18
midanat 100,midanat,,1
midantin,midantin,,2793
minbrom,minbrom,,217
mirenzine,mirenzine,,8
mirzaten,mirzaten,,138
misenbo,misenbo,,1
miticilux,miticilux,,95
mitidipil,mitidipil,,20
mitipizid,mitipizid,,605
mitipreni,mitipreni,,466
mitiquapril,mitiquapril,,916
mivifort,mivifort,,917
mocalmix,mocalmix,,34
mogaton,mogaton,,3
mohizi,mohizi,,714
momencef,momencef,,37
monine,monine,,10
montelukast normon,montelukast normon,,390
mopristad,mopristad,,9
morphin,morphin,,22
mosad mt,mosad mt,,18
moxipa,moxipa,,109
muldini,muldini,,1
myfoscin,myfoscin,,12
mylosulprid,mylosulprid,,212
mỡ tra mắt không chất bảo quản hydramed night sensitive,mỡ tra mắt không chất bảo quản hydramed night sensitive,,5
nacepil,nacepil,,123
nakibu,nakibu,,583
nalordia,nalordia,,460
natcorig,natcorig,,2
navaldo,navaldo,,315
nebizide,nebizide,,8
nefolin,nefolin,,229
neilmed nasogel spray,neilmed nasogel spray,,9
neilmed sinus rinse 10 sachets,neilmed sinus rinse 10 sachets,,3
neilmed sinus rinse 50 sachets,neilmed sinus rinse 50 sachets,,4
neilmed sinus rinse kit 60 sachets,neilmed sinus rinse kit 60 sachets,,6
neilmed sinus rinse pediatric starter kit,neilmed sinus rinse pediatric starter kit,,5
neorutin,neorutin,,139
neosamin forte,neosamin,,301
neso,neso,,3
nesulix,nesulix,,20
nicomen tablets,nicomen tablets,,155
nifedipin t20 retard,nifedipin t20 retard,,37
nifehexal 30 la,nifehexal 30 la,,4
nitidine,nitidine,,589
nocutil,nocutil,,18
nolet,nolet,,7
nolvadex-d,nolvadex-d,,40
novahexin,novahexin,,649
novomix 30 flexpen + 3 đầu kim novofine,novomix 30 flexpen + 3 đầu kim novofine,,395
nozaxen,nozaxen,,188
nystatin,nystatin,,2
nén sủi,nén sủi,,2
nén sủi alphadaze -,nén sủi alphadaze -,,2
nén sủi antikans,nén sủi antikans,,3
nén sủi cefimed,nén sủi cefimed,,1
nén sủi pegaset,nén sủi pegaset,,1
nén sủi seractil,nén sủi seractil,,1
nén sủi vitatrum - b complex vitamin b1 (thiamin mononitrat) 5mg; vitamin b2 (riboflavin) 2mg; vitamin b6 (pyridoxin hydroclorid) 2mg; vitamin pp (nicotinamid),nén sủi vitatrum - b complex vitamin b1 (thiamin mononitrat) 5mg; vitamin b2 (riboflavin) 2mg; vitamin b6 (pyridoxin hydroclorid) 2mg; vitamin pp (nicotinamid),,1
oflovid,oflovid,,199
ofloxacin-pos,ofloxacin-pos,,10
olanxol,olanxol,,640
olanzap,olanzap,,56
olesom,olesom,,54
omcetti,omcetti,,1
onsetron,onsetron,,19
opedulox,opedulox,,161
opedulox 40,opedulox,,102
oprymea,oprymea,,95
oravintin,oravintin,,52
oresol,oresol,,450
ornithin,ornithin,,22
ortizole,ortizole,,5
osvimec,osvimec,,36
ozanta,ozanta,,491
padolcure,padolcure,,4
palibone,palibone,,117
palidso,palidso,,442
pallas,pallas,,63
pancal,pancal,,69
para-opc,para-opc,,10
partamol tab.,partamol tab.,,6955
partamol- cafein 500mg,partamol- cafein 500mg,,448
pataday,pataday,,58
pecflu,pecflu,,18
pecrandil,pecrandil,,14
pectol te,pectol te,,5
pegaset,pegaset,,1204
pemolip,pemolip,,26
pen ndl,pen ndl,,54
penresit,penresit,,4
penzima,penzima,,708
perfeclly,perfeclly,,27
permixon,permixon,,9
pharbacol,pharbacol,,2505
pharti derm dermatologique egf moisture cream,pharti derm dermatologique egf moisture cream,,4
phenytoin,phenytoin,,25
phileo tab,phileo,,8
philurso,philurso,,26
phlebodia,phlebodia,,309
phlorofon odt,phlorofon odt,,379
phong dan,phong dan,,129
phostaligel nic,phostaligel nic,,229
pidoncam,pidoncam,,1
plasmakare nasal clean (hộp 01 bình,plasmakare nasal clean (hộp 01 bình,,68
plavix,plavix,,63
pms -ursodiol c,pms -ursodiol c,,3
pokemine,pokemine,,17
polymer che phủ bảo vệ vết thương healit,polymer che phủ bảo vệ vết thương healit,,31
polymer che phủ bảo vệ vết thương healit rectan,polymer che phủ bảo vệ vết thương healit rectan,,76
postezatal gold,postezatal gold,,13
povidon vcp,povidon vcp,,2
powerforte,powerforte,,1
pracetam,pracetam,,531
pravastatin savi,pravastatin savi,,1
pred forte,pred,,70
pregabakern,pregabakern,,208
prevlog,prevlog,,292
prizocef,prizocef,,6
procoralan,procoralan,,24
proges,proges,,31
prolandex 60,prolandex,,5
propylthiouracil dwp,propylthiouracil dwp,,16
prusenza plus,prusenza,,1
pulmicort respules,pulmicort respules,,2
"pulmicort respules (0.25mg/1ml, ống","pulmicort respules (0.25mg/1ml, ống",,40
pyme diapro mr,pyme diapro mr,,16
qcozetax,qcozetax,,317
queitoz-50,queitoz-50,,25
quelept,quelept,,3
quetiapin,quetiapin,,25
quetiapine tablets,quetiapine tablets,,51
rablet b,rablet b,,27
rabzak,rabzak,,13
racedagim,racedagim,,32
racesec,racesec,,2
ramipril,ramipril,,247
ramipril-ac,ramipril-ac,,225
ranexicor,ranexicor,,19
raxnazole,raxnazole,,230
rebamipide,rebamipide,,373
reboncel ac gel,reboncel ac gel,,59
reboncel ultra sun block cream,reboncel ultra sun block cream,,10
reboncel urea soft cream,reboncel urea soft cream,,176
redlip,redlip,,8
reduze,reduze,,41
regulon,regulon,,31
repaglinide tablets,repaglinide tablets,,186
respiwel,respiwel,,85
revole,revole,,2
revole 40mg(3) partamol- cafein 500mg,revole 40mg(3) partamol- cafein 500mg,,1
rheumatic,rheumatic,,45
ridolip,ridolip,,414
ridolip s,ridolip s,,2145
rifaliv,rifaliv,,85
rinalix-xepa,rinalix-xepa,,307
ripratine,ripratine,,2303
risdontab,risdontab,,15
risperidon vpc,risperidon vpc,,434
ritaxim-550,ritaxim-550,,6
rivaroxaban-5a farma,rivaroxaban-5a farma,,274
rosutrox,rosutrox,,8
roticox,roticox,,2
rotinvast,rotinvast,,3411
roxcetam,roxcetam,,16
runor,runor,,36
rupatadine stella,rupatadine,,9
rutantop,rutantop,,95
sadapron,sadapron,,729
sagamome,sagamome,,72
salgad,salgad,,154
sallet,sallet,,8
sanlein,sanlein,,446
santafer,santafer,,42
savi candesartan,savi candesartan,,961
savi donepezil,savi donepezil,,117
savi eperisone,savi eperisone,,36
savi etoricoxib,savi etoricoxib,,49
savi flunarizine,savi flunarizine,,36
savi gemfibrozil,savi gemfibrozil,,45
savi glipizide,savi glipizide,,90
savi ivabradine,savi ivabradine,,130
savi losartan,savi losartan,,1
savi mesalazine 500,savi mesalazine,,130
savi sertraline,savi sertraline,,183
savi valsartan,savi valsartan,,45
savidimin,savidimin,,270
savidimin (500mg),savidimin (500mg),,38
savimetoc,savimetoc,,665
savinapeso,savinapeso,,39
savitelmihct,savitelmihct,,250
savnopain,savnopain,,588
scolanzo,scolanzo,,10
seacaminfort,seacaminfort,,37
seazimin,seazimin,,489
seractil,seractil,,29
seretide evohaler dc,seretide evohaler dc,,169
seropin,seropin,,68
silverzinc,silverzinc,,2043
silymax complex,silymax complex,,43
simecol,simecol,,239
simvastatin savi,simvastatin savi,,1542
siro ho haspan,siro ho haspan,,2210
sita-met tablets 50/1000 50mg/,sita-met tablets 50/1000 50mg/,,9
sitavia,sitavia,,46
sitomet,sitomet,,8
smail,smail,,387
smecta,smecta,,32
smodir-dt,smodir-dt,,283
solamup 60,solamup,,22
soliqua solostar,soliqua solostar,,2
soravar,soravar,,2
sorbitol,sorbitol,,2
soshydra,soshydra,,14
sovalimus,sovalimus,,2
sovasol,sovasol,,24
spinolac fort,spinolac fort,,342
spiriva respimat,spiriva respimat,,35
spirovell,spirovell,,26
spulit,spulit,,18
stadlacil,stadlacil,,353
stadnex 20 cap,stadnex 20,,1790
stamlo-t,stamlo-t,,643
stefamlor,stefamlor,,1
stilaren 50mg,stilaren 50mg,,9
stradiras,stradiras,,8
stresam,stresam,,6
sucrafil suspension,sucrafil suspension,,512
sudagon,sudagon,,1
sumakin,sumakin,,60
sumamigren,sumamigren,,5
sun-levorizin,sun-levorizin,,578
sunbrella spf30,sunbrella spf30,,5
suplizinc,suplizinc,,2
susol,susol,,131
sybrava,sybrava,,1
symbicort rapihaler,symbicort rapihaler,,31
symbicort turbuhaler,symbicort turbuhaler,,16
syseye,syseye,,121
syxten,syxten,,234
súc họng miệng plasmakare chai,súc họng miệng plasmakare chai,,585
sủi,sủi,,8
sủi abbsin 200,sủi abbsin,,2
sủi bactamox,sủi bactamox,,1
sủi biocemet dt,sủi biocemet,,1
sủi clarisol-500,sủi clarisol-500,,1
sủi mft- cefaclor,sủi mft- cefaclor,,5
sủi savimetoc,sủi savimetoc,,1
sủi tunadimet,sủi tunadimet,,1
sủi vilason-50,sủi vilason-50,,1
tadalafil,tadalafil,,24
taflotan,taflotan,,106
tahero,tahero,,617
tamifine,tamifine,,1
tamvelier,tamvelier,,132
tanganil,tanganil,,498
tavulop,tavulop,,68
taxedac eye drops (25mg,taxedac eye drops (25mg,,19
tazoretin c,tazoretin c,,10
tazoretin gel,tazoretin gel,,9
tefostad t300,tefostad t300,,9
telmisartan,telmisartan,,8
telodrop mỗi,telodrop mỗi,,26
tenafin,tenafin,,284
tenafine cream,tenafine cream,,46
tenfovix,tenfovix,,12
tenonic,tenonic,,6
teperinep,teperinep,,80
tetracyclin,tetracyclin,,92
thazolxen,thazolxen,,83
theresol,theresol,,3
theroflan,theroflan,,379
thiamazol,thiamazol,,23
"thuốc ho người lớn opc (16,2g","thuốc ho người lớn opc (16,2g",,125
"thuốc ho trẻ em opc (16,2g","thuốc ho trẻ em opc (16,2g",,229
thuốc mỡ potamus,thuốc mỡ potamus,,4
thuốc trĩ tomoko,thuốc trĩ tomoko,,9
thyrozol,thyrozol,,349
thytodux,thytodux,,6
thập toàn đại bổ (908mg,thập toàn đại bổ (908mg,,40
thụt táo bón endolax,thụt táo bón endolax,,2
thụt táo bón endolax kids,thụt táo bón endolax kids,,2
tiffy syrup (120mg,tiffy syrup (120mg,,1
timolol,timolol,,43
tiphapred e,tiphapred e,,133
tiphapred m,tiphapred m,,1850
tobidex,tobidex,,2
tobidex (15mg,tobidex (15mg,,20
tobradex,tobradex,,216
tobramycin,tobramycin,,13
tobrex,tobrex,,121
tofisopam,tofisopam,,219
topamax,topamax,,4
toricam capsules,toricam capsules,,897
totcal soft capsule,totcal soft capsule,,130
toujeo solostar+10 đầu kim pen ndl,toujeo solostar+10 đầu kim pen ndl,,249
tracardis,tracardis,,1526
tradalen,tradalen,,29
tramazetan plus,tramazetan,,17
traulen,traulen,,34
travatan,travatan,,88
trihexyphenidyl,trihexyphenidyl,,101
trileptal,trileptal,,1
trimoxtal,trimoxtal,,31
trolimax,trolimax,,14
troxipe,troxipe,,59
tumegas,tumegas,,9
tunadimet,tunadimet,,5587
turbe,turbe,,25
turbezid,turbezid,,18
ubinutro (30mg,ubinutro (30mg,,242
udexcale,udexcale,,64
uformat,uformat,,14
ulcogen,ulcogen,,103
uperio,uperio,,136
ursobil,ursobil,,12
usaralphar,usaralphar,,1251
usarmicin,usarmicin,,50
utrogestan,utrogestan,,18
vaco loratadine,vaco loratadine,,175
vagsur,vagsur,,2
valcickeck h2,valcickeck h2,,10
valdes,valdes,,21
valsgim,valsgim,,1506
valsgim-h,valsgim-h,,1337
varonem,varonem,,27
vastanic,vastanic,,1476
vastarel mr tab,vastarel mr,,25
vein plus,vein,,42
venlafaxine stella,venlafaxine,,172
venosan retard,venosan retard,,106
ventolin inh,ventolin inh,,3
ventolin inhaler,ventolin inhaler,,69
vesicare,vesicare,,8
vesifix,vesifix,,85
vicebrol,vicebrol,,177
vietlife bình an,vietlife bình an,,2
vigamox,vigamox,,107
vigentin,vigentin,,50
vilason-50,vilason-50,,376
vincerol,vincerol,,66
vincestad,vincestad,,93
vinfoxin,vinfoxin,,636
vinoaci,vinoaci,,2
vinocyclin,vinocyclin,,2
vinpocetin danapha,vinpocetin danapha,,48
vinsalamin 500,vinsalamin,,19
vitasun tab,vitasun,,37
vitatrum - b complex vitamin b1 (thiamin mononitrat) 5mg; vitamin b2 (riboflavin) 2mg; vitamin b6 (pyridoxin hydroclorid) 2mg; vitamin pp (nicotinamid),vitatrum - b complex vitamin b1 (thiamin mononitrat) 5mg; vitamin b2 (riboflavin) 2mg; vitamin b6 (pyridoxin hydroclorid) 2mg; vitamin pp (nicotinamid),,14
viên hộ tâm opcardio,viên hộ tâm opcardio,,2
viên nang sâm nhung ht,viên nang sâm nhung ht,,4
viên nhuận tràng op.liz,viên nhuận tràng op.liz,,5
vt-amlopril,vt-amlopril,,552
wamlox,wamlox,,11
winde 25,winde,,1
winfla,winfla,,134
winmus,winmus,,196
winprid,winprid,,9
wizosone,wizosone,,562
wosulin,wosulin,,801
wzitamy tm (viên đặt âm đạo),wzitamy tm (viên đặt âm đạo),,153
xalgetz,xalgetz,,407
xarelto tab,xarelto,,4
xuthapirid,xuthapirid,,23
xyzsac,xyzsac,,15
xịt,xịt,,76
xịt a.t calci sac,xịt a.t calci sac,,1
xịt a.t nicorandil,xịt a.t nicorandil,,1
xịt acigmentin,xịt acigmentin,,8
xịt amaloris,xịt amaloris,,1
xịt apitim,xịt apitim,,2
xịt atoris,xịt atoris,,1
xịt ausmuco 750v,xịt ausmuco 750v,,2
xịt bicelor 375 dt.,xịt bicelor 375 dt.,,2
xịt biocemet sc,xịt biocemet sc,,1
xịt bioketoca,xịt bioketoca,,1
xịt bluecan forte,xịt bluecan,,1
xịt bromhexin,xịt bromhexin,,1
xịt calciferat,xịt calciferat,,1
xịt camzitol,xịt camzitol,,1
xịt capsicin gel,xịt capsicin gel,,3
xịt carbocistein,xịt carbocistein,,24
xịt cefcenat,xịt cefcenat,,1
xịt combiwave fb 200 (200mcg,xịt combiwave fb 200 (200mcg,,4
xịt dacolfort,xịt dacolfort,,1
xịt desbebe,xịt desbebe,,1
xịt dialamic,xịt dialamic,,1
xịt dixirein tab,xịt dixirein,,13
xịt dogrelsavi,xịt dogrelsavi,,4
xịt drotusc,xịt drotusc,,1
xịt dryches,xịt dryches,,2
xịt entacron,xịt entacron,,1
xịt esomeprazol,xịt esomeprazol,,2
xịt fezidat,xịt fezidat,,1
xịt fluvastatin,xịt fluvastatin,,1
xịt gastevin,xịt gastevin,,3
xịt genituk,xịt genituk,,3
xịt glumeform,xịt glumeform,,1
xịt hoastex,xịt hoastex,,1
xịt imedoxim,xịt imedoxim,,1
xịt imerixx,xịt imerixx,,5
xịt isoday,xịt isoday,,1
xịt ivagim,xịt ivagim,,1
xịt kaflovo,xịt kaflovo,,1
xịt kapredin,xịt kapredin,,4
xịt kavasdin,xịt kavasdin,,3
xịt lacisartan hct,xịt lacisartan hct,,1
xịt lipanthyl 200m,xịt lipanthyl 200m,,2
xịt lipitor,xịt lipitor,,1
xịt losartan dwp,xịt losartan dwp,,2
xịt medoome,xịt medoome,,1
xịt melopower,xịt melopower,,1
xịt meyerexcold,xịt meyerexcold,,1
xịt midantin,xịt midantin,,17
xịt mitiquapril,xịt mitiquapril,,1
xịt montelukast normon,xịt montelukast normon,,23
xịt novahexin,xịt novahexin,,3
xịt osvimec,xịt osvimec,,1
xịt partamol tab.,xịt partamol tab.,,1
xịt ripratine,xịt ripratine,,2
xịt seretide evohaler dc,xịt seretide evohaler dc,,37
xịt simvastatin savi,xịt simvastatin savi,,1
xịt siro ho haspan,xịt siro ho haspan,,1
xịt spinolac fort,xịt spinolac fort,,2
xịt spiriva respimat,xịt spiriva respimat,,10
xịt stadnex 20 cap,xịt stadnex 20,,1
xịt symbicort rapihaler,xịt symbicort rapihaler,,5
xịt syxten,xịt syxten,,12
xịt tai etikon,xịt tai etikon,,78
xịt tunadimet,xịt tunadimet,,4
xịt vaco loratadine,xịt vaco loratadine,,1
xịt valsgim-h,xịt valsgim-h,,3
xịt vastanic,xịt vastanic,,2
xịt ventolin inhaler,xịt ventolin inhaler,,60
xịt zaromax,xịt zaromax,,1
"xịt zencombi (2,5mg","xịt zencombi (2,5mg",,1
xịt zinkast,xịt zinkast,,3
ysp- biotase,ysp- biotase,,27
ysp-biotase,ysp-biotase,,61
zalenka,zalenka,,12
zaromax,zaromax,,453
zebacef,zebacef,,11
zebalos,zebalos,,9
zemfuva,zemfuva,,23
"zencombi (2,5mg","zencombi (2,5mg",,24
zinkast,zinkast,,414
zinnat suspension,zinnat suspension,,1
zinsol,zinsol,,430
zokicetam,zokicetam,,61
zolmed,zolmed,,484
zopinox,zopinox,,526
zy-10 forte,zy-10,,6
zynadex,zynadex,,79
zynadex 40,zynadex,,18
đầu kim novofine,đầu kim novofine,,236
đầu kim pen ndl,đầu kim pen ndl,,251
đặt âm đạo,đặt âm đạo,,71
đặt âm đạo anbaescin,đặt âm đạo anbaescin,,2
đặt âm đạo candisafe,đặt âm đạo candisafe,,50
đặt âm đạo gel dùng ngoài mangizeni,đặt âm đạo gel dùng ngoài mangizeni,,69
đặt âm đạo metronidazol,đặt âm đạo metronidazol,,21
đặt âm đạo salgad,đặt âm đạo salgad,,3
đặt âm đạo zolmed,đặt âm đạo zolmed,,2
β-hist,β-hist,,42
